303.62973,3393.5,5494.75
306.45386,3357.5,5520.75
309.27584,3499.5,5877.25
312.09566,3536.5,5920.375
314.91333,3584,5920.875
317.72886,3610.5,6001.125
320.54224,3690,6052.125
323.35347,3674.5,6010.375
326.16256,3656,6102.875
328.96952,3648,6098.75
331.77434,3788.5,6337.125
334.57703,3804.5,6395.625
337.37759,3777,6277
340.17602,3761,6222.375
342.97232,3681,6180.25
345.76651,3693.5,6193
348.55857,3685.5,6194.75
351.34852,3676.5,6176.375
354.13635,3719,6166
356.92207,3736,6184.75
359.70568,3708,6175
362.48718,3714.5,6193.375
365.26658,3703.5,6217.625
368.04388,3701.5,6195.375
370.81908,3711.5,6151.125
373.59218,3755,6194.5
376.36319,3773.5,6180.75
379.1321,3709.5,6116.625
381.89893,3785.5,6335.125
384.66367,3754.5,6334.125
387.42633,3602,6148.375
390.1869,3622.5,6159.5
392.9454,3705.5,6140.5
395.70182,3748.5,6151.25
398.45617,3708.5,6177
401.20844,3686.5,6164.875
403.95865,3660.5,6173.625
406.70679,3651,6202.375
409.45286,3668,6209.5
412.19688,3679.5,6199.25
414.93884,3642,6156.25
417.67874,3651,6135.375
420.41659,3749,6214.25
423.15238,3715.5,6219.25
425.88613,3569.5,6191.875
428.61783,3572,6204.125
431.34749,3669.5,6309.875
434.0751,3671,6295
436.80068,3698.5,6209
439.52422,3763.5,6264.5
442.24573,3670.5,6195.375
444.96521,3606.5,6139.75
447.68265,3683,6210
450.39807,3684,6226.375
453.11147,3606,6204.25
455.82285,3709.5,6353.5
458.5322,3735.5,6312.75
461.23954,3602,6170
463.94487,3653.5,6199.625
466.64818,3658,6188.125
469.34949,3612.5,6249.75
472.04878,3648,6277.625
474.74608,3635,6246.5
477.44137,3640,6222.875
480.13466,3650,6274.875
482.82596,3643.5,6286.5
485.51526,3676,6264
488.20256,3677,6284.625
490.88788,3645,6323
493.57121,3641.5,6310.875
496.25256,3669,6299.625
498.93192,3646,6311
501.6093,3646,6337.125
504.28471,3625.5,6322.25
506.95814,3612.5,6377.5
509.62959,3704.5,6444.625
512.29908,3701,6371.25
514.96659,3639.5,6312.75
517.63215,3686,6273.625
520.29573,3701,6290.125
522.95736,3652.5,6293.25
525.61703,3657,6289
528.27474,3677.5,6299.125
530.9305,3660.5,6291.25
533.5843,3586,6252.125
536.23616,3598.5,6252.75
538.88607,3673,6264
541.53403,3659,6259.5
544.18006,3583,6272.625
546.82414,3603,6300.125
549.46628,3620,6234.25
552.10649,3639.5,6218.875
554.74477,3606,6137.75
557.38112,3587,6094
560.01553,3568.5,6096.125
562.64803,3553.5,6128.5
565.27859,3567,6136.375
567.90724,3548,6109.875
570.53397,3575,6138.875
573.15878,3607,6143.75
575.78168,3619.5,6140
578.40266,3580.5,6123
581.02174,3575.5,6145.625
583.63891,3611,6195.25
586.25417,3625.5,6221.875
588.86753,3617,6224.25
591.47899,3520.5,6223.875
594.08855,3501.5,6187.625
596.69622,3506.5,6210.375
599.30199,3556,6255.75
601.90587,3602,6240.875
604.50787,3597.5,6244.75
607.10797,3872.5,6592
609.70619,3859.5,6583.375
612.30253,3589,6254.5
614.89699,3574,6281.75
617.48957,3564.5,6326
620.08028,3586,6308.625
622.66911,3646,6411.375
625.25607,3621.5,6414.375
627.84116,3578.5,6336.375
630.42439,3592,6355.5
633.00575,3590,6371
635.58525,3569,6350.25
638.16289,3572.5,6428.125
640.73867,3611,6458.375
643.3126,3663.5,6429.5
645.88468,3640.5,6445.5
648.4549,3580.5,6483.125
651.02328,3576.5,6483.625
653.58981,3601,6509.625
656.15449,3626.5,6544.5
658.71733,3615.5,6581.25
661.27834,3639,6590.125
663.8375,3653,6640.25
666.39484,3616.5,6618.75
668.95033,3619.5,6569.875
671.504,3628,6629.25
674.05584,3636,6704.125
676.60585,3637.5,6628.125
679.15404,3637.5,6640.125
681.70041,3694.5,6753.75
684.24495,3730,6762.875
686.78768,3689,6705.125
689.3286,3661,6717.625
691.8677,3664.5,6753.875
694.40499,3764,6758
696.94047,3726.5,6731.125
699.47414,3531.5,6689.125
702.00601,3524,6660.25
704.53607,3584.5,6670.5
707.06434,3612.5,6697
709.59081,3745,6710.75
712.11548,3826.5,6810.5
714.63836,3709.5,6819.75
717.15945,3648,6752.5
719.67875,3613.5,6720.125
722.19626,3597,6692.75
724.71198,3621.5,6685.625
727.22592,3617,6683
729.73809,3660,6691.5
732.24847,3689,6740.25
734.75707,3605,6722.375
737.26391,3551.5,6676
739.76897,3591,6677.625
742.27225,3608,6684.625
744.77378,3590,6662.125
747.27353,3600.5,6638.625
749.77152,3606.5,6642.25
752.26775,3635,6681.125
754.76222,3591.5,6670
757.25494,3578.5,6673.375
759.74589,3620.5,6660.875
762.2351,3984,7145.875
764.72255,3920.5,7155.875
767.20825,3518.5,6644.625
769.69221,3600,6681.625
772.17442,3619.5,6681.5
774.65489,3526,6662.5
777.13362,3534,6713.625
779.61061,3560,6685.5
782.08586,3572.5,6660.875
784.55938,3578.5,6682.75
787.03117,3611,6691
789.50123,3596,6693.625
791.96955,3565,6714.375
794.43616,3535.5,6736.625
796.90103,3528,6726.75
799.36419,3529.5,6724.875
801.82563,3536,6728.625
804.28534,3548,6743.125
806.74335,3565,6783.625
809.19964,3579.5,6825.5
811.65421,3571.5,6796.75
814.10708,3611.5,6851
816.55824,3745,7050.875
819.00769,3724,7006.875
821.45544,3555.5,6800.25
823.90149,3587,6849.875
826.34584,3624.5,6884.5
828.78849,3582,6876.125
831.22945,3593.5,6938.625
833.66872,3595,6964.25
836.10629,3788.5,7194.375
838.54217,3821.5,7139
840.97637,3612.5,6880.75
843.40888,3655.5,6958.75
845.8397,3680,6994.375
848.26885,3660,7003.375
850.69632,3663,7001.875
853.12211,3597.5,7020.625
855.54622,3576,7049.25
857.96866,3657,7119.875
860.38943,3680.5,7115.875
862.80853,3594,7006.375
865.22597,3630,7068.75
867.64173,3683.5,7069
870.05584,3657.5,7026
872.46828,3632,7083.375
874.87907,3614.5,7057.375
877.2882,3614,7013
879.69567,3613.5,7017.375
882.10149,3625,7065.25
884.50566,3647,7083.375
886.90817,3652,7085.875
889.30905,3634,7068.625
891.70827,3609.5,7037.625
894.10585,3612,7039
896.50179,3642,7063.125
898.8961,3658.5,7110.25
901.28876,3666.5,7122
903.67979,3670.5,7095
906.06918,3677,7108.625
908.45695,3681.5,7126.375
910.84308,3642,7123.75
913.22758,3611.5,7103.75
915.61046,3610.5,7073.125
917.99172,3622,7091.375
920.37135,3620,7060.625
922.74937,3640,7066.875
925.12576,3596,7085.375
927.50054,4219.5,7955.75
929.87371,4273.5,7962.625
932.24526,3646.5,7129.5
934.61521,3653,7195
936.98354,3650,7190.25
939.35027,3647.5,7184.75
941.71539,3648,7166.5
944.07891,3650,7220.375
946.44083,3684.5,7254.625
948.80116,3608,7227.125
951.15988,3545.5,7185.5
953.51701,3598.5,7195.5
955.87255,3652.5,7278.375
958.22649,3668,7289.75
960.57885,3635,7264.125
962.92962,3573,7221.5
965.2788,4242,7900.875
967.6264,4310.5,7939.5
969.97242,3716.5,7331.25
972.31685,3678,7347.25
974.65971,3655,7304.25
977.001,3623,7323.375
979.34071,3698,7467.875
981.67884,3707.5,7446.875
984.01541,3617.5,7313.125
986.35041,3655,7364.625
988.68384,3647.5,7385.5
991.01571,3693,7374
993.34601,3731,7445.75
995.67476,3684.5,7517.5
998.00194,3647.5,7450.875
1000.32757,3675,7360.5
1002.65164,3679.5,7379.25
1004.97415,3674,7428.75
1007.29512,3728.5,7514.5
1009.61454,3711.5,7548.375
1011.9324,3650.5,7481.625
1014.24873,3679,7471.625
1016.5635,4949.5,9170.875
1018.87674,4924,9117.5
1021.18843,3657,7409.75
1023.49859,3619.5,7409.375
1025.8072,3612.5,7417.25
1028.11429,3668,7475.625
1030.41984,3685,7469.125
1032.72385,3647,7515.5
1035.02634,3655,7558.375
1037.3273,3680.5,7502.375
1039.62674,3688.5,7507.75
1041.92465,3645.5,7520.125
1044.22104,3665,7549.125
1046.5159,3705.5,7607.25
1048.80925,3658.5,7576.5
1051.10108,3644.5,7498.75
1053.3914,3661,7515.25
1055.6802,3552,7517.375
1057.96749,3626.5,7552.625
1060.25328,3708,7648.25
1062.53755,3667.5,7609.75
1064.82032,3637,7539.25
1067.10158,3612.5,7545.625
1069.38134,3656.5,7589.25
1071.6596,3717.5,7668
1073.93636,3663,7646.75
1076.21163,3582,7560.125
1078.4854,3591.5,7613.625
1080.75767,3633,7669.625
1083.02846,3656.5,7613.75
1085.29775,3631,7609.75
1087.56555,3643,7642.625
1089.83187,3670,7653.625
1092.09671,3709,7710
1094.36006,3706,7731.25
1096.62193,3659,7655.25
1098.88232,3658,7612.5
1101.14123,3667.5,7708.25
1103.39867,3684,7724.25
1105.65463,3742,7870.375
1107.90912,3739,7927.75
1110.16214,3656.5,7775.125
1112.41369,3691.5,7821.25
1114.66378,3698,7784.75
1116.9124,3641,7706.875
1119.15955,3654.5,7731.5
1121.40524,3705.5,7758.875
1123.64948,3800,7913.625
1125.89225,3792.5,7921.5
1128.13357,3732,7863.375
1130.37343,3720.5,7909.625
1132.61185,3697,7890.25
1134.8488,3692,7836.5
1137.08431,3688.5,7837.75
1139.31838,3753.5,8020.125
1141.55099,3769.5,8095
1143.78216,3717.5,8016.625
1146.01189,3678.5,7990.875
1148.24018,3708,8010.875
1150.46702,3800,8015.125
1152.69243,3802,7982.125
1154.91641,3773.5,8081.125
1157.13895,3996.5,8410.625
1159.36006,4001,8324.125
1161.57973,3752.5,8045.75
1163.79798,3719,8112.625
1166.0148,3748.5,8088.875
1168.2302,3751.5,8114.25
1170.44417,3733,8128.25
1172.65671,3768.5,8077.625
1174.86784,3776.5,8115.125
1177.07755,3715.5,8117.875
1179.28584,3712.5,8114.125
1181.49272,3792.5,8170.875
1183.69818,3827,8198.375
1185.90223,3793,8198.125
1188.10488,3837.5,8269.5
1190.30611,3894,8298.625
1192.50593,3863.5,8254.375
1194.70435,3850.5,8268.875
1196.90137,3807.5,8265.875
1199.09698,3781,8317.125
1201.29119,3846.5,8325.625
1203.48401,4075.5,8545.375
1205.67543,4044.5,8550
1207.86545,3934,8399.5
1210.05408,3915,8397
1212.24131,3839,8390.75
1214.42716,3850,8419.375
1216.61162,3861,8380.875
1218.79469,3883.5,8355.625
1220.97637,3924.5,8328
1223.15668,3949,8333.875
1225.3356,3913,8326.125
1227.51314,3858.5,8254.5
1229.6893,3854,8115.625
1231.86408,3899.5,8146.75
1234.03749,3840.5,7982.25
1236.20952,3842.5,7912.875
1238.38018,3859.5,7774.875
1240.54948,3797.5,7718
1242.7174,3790,7665.5
1244.88395,3857,7679
1247.04914,3875,7713
1249.21297,3850,7727.375
1251.37543,3790.5,7676.125
1253.53653,3780,7690.5
1255.69628,3853,7806.125
1257.85466,3886.5,7823.625
1260.01169,3904,7927.5
1262.16737,3941.5,8039.75
1264.32169,3970,8068.75
1266.47467,3963,8074.375
1268.62629,3950,8142.875
1270.77656,4247,8560.25
1272.92549,4296.5,8586.75
1275.07308,4011,8177.25
1277.21932,4019,8264.875
1279.36422,4037.5,8289.5
1281.50778,4106.5,8310.875
1283.65,4111.5,8323
1285.79088,4069,8333.125
1287.93044,4068,8387.75
1290.06865,4095,8509.375
1292.20554,4119,8529.875
1294.34109,4196.5,8631
1296.47532,4205,8688
1298.60822,4242,8692.625
1300.73979,4266.5,8722.125
1302.87004,4305,8850.25
1304.99897,4324,8862.125
1307.12658,4326.5,8930.875
1309.25287,4334,8985.875
1311.37784,4481.5,9271.125
1313.50149,4499,9318.875
1315.62383,4436.5,9196
1317.74486,4461,9236
1319.86458,4507,9411.5
1321.98298,4507.5,9433.875
1324.10008,4519.5,9478
1326.21587,4549,9570.375
1328.33036,4586.5,9721
1330.44354,4613.5,9755.625
1332.55542,4697.5,9779.875
1334.66601,4659,9758.625
1336.77529,4725,9899.625
1338.88327,4788,9990.375
1340.98996,4807.5,10114.25
1343.09536,4847.5,10194.125
1345.19946,4910,10244.375
1347.30228,4906,10177.875
1349.4038,4931.5,10219.875
1351.50403,4957.5,10277
1353.60298,5023,10406.75
1355.70065,5003.5,10424.375
1357.79703,5003.5,10481.75
1359.89212,5077,10587.125
1361.98594,5255,10655.375
1364.07848,5244,10650.75
1366.16975,5194,10770.875
1368.25973,5239,10812.25
1370.34845,5270.5,10806.875
1372.43589,5301.5,10847.125
1374.52206,5405.5,10984.125
1376.60695,5406,11035.25
1378.69059,5503,11105.875
1380.77295,5525.5,11143.75
1382.85405,5537.5,11158.25
1384.93389,5577.5,11211.125
1387.01246,5576.5,11407.625
1389.08978,5602.5,11440.5
1391.16583,5682,11459.875
1393.24063,5695,11482.625
1395.31417,5768,11612.375
1397.38646,5798.5,11703.5
1399.4575,5869,11894.625
1401.52728,5896,11960.875
1403.59581,6035.5,12108.125
1405.6631,6084,12160.375
1407.72914,6109.5,12335.625
1409.79393,6133.5,12400.75
1411.85748,6222.5,12444.125
1413.91979,6308.5,12477.125
1415.98085,6446,12673.75
1418.04068,6447.5,12750.375
1420.09926,6498,12880.75
1422.15662,6537.5,12967.25
1424.21273,6605,13117.375
1426.26762,6658.5,13239.125
1428.32127,6818,13431.875
1430.37369,6850,13448.5
1432.42488,6946.5,13586.75
1434.47484,6976.5,13674.75
1436.52358,7018,13918
1438.57109,7088,14061.625
1440.61738,7243,14393.5
1442.66245,7237,14418.125
1444.7063,7268.5,14514.75
1446.74893,7303.5,14654.625
1448.79034,7511,14954.875
1450.83054,7608.5,15019.375
1452.86952,7643,15126
1454.90729,7684,15242.625
1456.94384,7755,15314
1458.97919,7778,15304.625
1461.01333,7846.5,15505.375
1463.04626,7905,15605.5
1465.07798,8068,15722.375
1467.1085,8168,15825.25
1469.13782,8361.5,16010.875
1471.16594,8302,16067.25
1473.19286,8304,16316.875
1475.21858,8418.5,16400.5
1477.2431,8509,16513.5
1479.26642,8495.5,16498.375
1481.28855,8582.5,16551
1483.30949,8687.5,16705.875
1485.32924,8859.5,16882.375
1487.3478,8843.5,16844.625
1489.36517,8887,16880.625
1491.38135,8929,16947.875
1493.39635,9059,17125.125
1495.41016,9212.5,17361.75
1497.42279,9354.5,17495.875
1499.43424,9333,17389.25
1501.44451,9393.5,17637.25
1503.4536,9384.5,17697.625
1505.46151,9490.5,17804.875
1507.46825,9632,17884.25
1509.47381,9806.5,18055.75
1511.4782,9841,18162.25
1513.48142,9947,18317.25
1515.48347,9939,18333.125
1517.48435,9970,18496.125
1519.48407,10051,18572
1521.48261,10306.5,18644.875
1523.48,10338.5,18702
1525.47622,10743,19252.375
1527.47128,10785,19336.25
1529.46517,10550.5,19157.875
1531.45791,10861.5,19604.5
1533.4495,11000.5,19795.75
1535.43992,10765,19559.625
1537.4292,10854,19722.25
1539.41731,10979.5,19742.875
1541.40428,11042.5,19816.75
1543.3901,11048.5,19871.125
1545.37477,11179,20044.75
1547.35829,11246,20135.875
1549.34066,11405,20376.5
1551.32189,11456.5,20451.625
1553.30197,11555.5,20500.25
1555.28092,11549,20509.25
1557.25872,11609,20668.25
1559.23538,11672,20710.125
1561.21091,11812.5,20820.625
1563.1853,11927,20927.5
1565.15855,12065.5,21119.5
1567.13067,12062,21183.75
1569.10166,12080,21333
1571.07151,12134,21474.875
1573.04024,12364,21760.625
1575.00784,12383.5,21817.25
1576.97431,12397,22008.75
1578.93965,12481,22072.75
1580.90387,12871,22474.375
1582.86697,12868,22517.5
1584.82894,12727.5,22345.75
1586.7898,12736.5,22422.125
1588.74954,12893,22554
1590.70816,12981,22564.125
1592.66566,13122,22686.875
1594.62205,13171.5,22796.375
1596.57732,13058.5,23009.125
1598.53148,13153.5,23117.125
1600.48454,13333.5,23348.5
1602.43648,13320,23413.625
1604.38731,13351.5,23429.625
1606.33704,13370.5,23397.875
1608.28566,13540.5,23530.75
1610.23318,13740.5,23768.25
1612.17959,13787,23860.875
1614.12491,13675.5,23751.5
1616.06912,13801,23837.25
1618.01223,13874,23809.75
1619.95425,13920,23857.5
1621.89517,13852.5,23983.125
1623.835,14020.5,24154.5
1625.77373,14099,24142
1627.71137,14003,24315.625
1629.64792,14165,24528.75
1631.58338,14256,24575.75
1633.51775,14214.5,24472.875
1635.45104,14286.5,24541.125
1637.38324,14223.5,24541.125
1639.31435,14390.5,24765.625
1641.24439,14429,24795.625
1643.17334,14384.5,24691.25
1645.10121,14451,24694.75
1647.028,14605.5,24801.375
1648.95371,14516,24825
1650.87835,14544.5,24958.75
1652.80191,14616,25044.375
1654.7244,14603.5,25063.125
1656.64582,14583,25020.5
1658.56616,14621.5,25012.5
1660.48544,14739,25102.75
1662.40364,14840,25278.25
1664.32078,14790,25238.625
1666.23686,14742.5,25081.375
1668.15186,14784.5,25048.75
1670.06581,14912,25355.5
1671.97869,14861.5,25352.5
1673.89051,14751.5,25145.875
1675.80128,14739.5,25198.375
1677.71098,14704,25105
1679.61963,14723.5,25188.75
1681.52722,14736.5,25217.5
1683.43376,14706.5,25110.875
1685.33924,14720,25145
1687.24368,14754.5,25158.125
1689.14706,14845.5,25127.25
1691.04939,14774.5,25051.5
1692.95068,14842.5,25167.75
1694.85091,14861,25194.375
1696.75011,14767.5,25079.75
1698.64825,14754.5,25042.125
1700.54536,14644.5,24854.375
1702.44142,14627,24818.625
1704.33645,14456.5,24789.75
1706.23043,14385.5,24775.625
1708.12338,14458,24661.25
1710.01529,14529,24642.25
1711.90616,14477.5,24599.5
1713.79601,14458.5,24501.125
1715.68481,14389.5,24381.375
1717.57259,14264.5,24333.875
1719.45934,14048,24291.375
1721.34505,14079,24319.125
1723.22974,14081,24215.75
1725.11341,14039.5,24116.375
1726.99604,14095.5,24060.75
1728.87766,14117.5,24019.25
1730.75825,13975.5,23818.25
1732.63782,13949,23822.75
1734.51637,13920.5,23711.125
1736.3939,13922.5,23593.125
1738.27041,13783,23544
1740.14591,13679.5,23562.625
1742.02039,13643,23493.75
1743.89385,13672,23441.375
1745.76631,13609.5,23259.875
1747.63775,13535,23211
1749.50818,13416,23067
1751.37761,13353,22941.125
1753.24602,13300.5,22872.5
1755.11343,13214.5,22810
1756.97983,13146,22656.75
1758.84523,13147.5,22635.5
1760.70963,12973.5,22528
1762.57302,12876.5,22429.75
1764.43542,12829.5,22262.625
1766.29681,12833.5,22212.875
1768.15721,12775,22093.375
1770.01661,12797,22063.625
1771.87501,12702.5,21826.625
1773.73242,12585.5,21739.875
1775.58884,12536.5,21704.875
1777.44426,12519.5,21615
1779.29869,12385.5,21408.875
1781.15214,12309,21318.625
1783.00459,12201.5,21250
1784.85606,12174,21207.25
1786.70655,12070,20978.625
1788.55604,12040.5,20937
1790.40456,11753.5,20775.125
1792.25209,11676,20706.125
1794.09864,11711.5,20624
1795.94421,11677.5,20565
1797.78881,11566,20314.625
1799.63242,11519,20232.5
1801.47506,11429.5,20128.125
1803.31673,11389.5,20041.625
1805.15742,11276.5,19771.375
1806.99713,11265.5,19674.5
1808.83588,11175.5,19531.25
1810.67366,11108.5,19483
1812.51046,10929,19360.75
1814.3463,10900.5,19281.625
1816.18118,10861.5,19156.75
1818.01508,10801.5,19117.625
1819.84802,10819,19031
1821.68,10775,18941.375
1823.51102,10495,18724.875
1825.34108,10474,18664.25
1827.17017,10355.5,18433.75
1828.99831,10232,18334.75
1830.82549,10145.5,18169
1832.65172,10156,18107.875
1834.47699,10091.5,17845.875
1836.30131,10064.5,17685.125
1838.12467,9912.5,17382.125
1839.94708,9798,17280.625
1841.76855,9566.5,16964.125
1843.58906,9506.5,16800.875
1845.40863,9409,16412.75
1847.22725,9316,16315.375
1849.04492,9223.5,15983.25
1850.86165,9242.5,15802
1852.67743,9013,15536.375
1854.49228,8899,15420.375
1856.30618,8696.5,15095.125
1858.11915,8650.5,14978
1859.93117,8501.5,14804.5
1861.74226,9234.5,15799
1863.55241,9198,15658.625
1865.36163,8378,14523.125
1867.16991,8327,14345.375
1868.97726,8258.5,14300.5
1870.78368,8116,14140.125
1872.58916,8091,14058.5
1874.39372,8059.5,13885.125
1876.19735,8030,13795.625
1878.00006,7853,13495.375
1879.80183,7787,13402.125
1881.60269,7716,13237.375
1883.40262,7697,13138.25
1885.20162,7649.5,13083.5
1886.99971,7634.5,13055.5
1888.79687,7482.5,12880.25
1890.59312,7438.5,12814.75
1892.38845,7409.5,12660.375
1894.18286,7408,12641.25
1895.97636,7396,12509
1897.76894,7336,12437.375
1899.56061,7232.5,12314.625
1901.35136,7202,12243
1903.14121,7083.5,12109.875
1904.93015,7059.5,12087.5
1906.71817,6954.5,11932.875
1908.50529,6915.5,11886.5
1910.2915,6846.5,11751.5
1912.07681,6827.5,11680.875
1913.86121,6897.5,11814.125
1915.64471,6855.5,11810.125
1917.42731,6745.5,11642.875
1919.20901,6698.5,11615.75
1920.9898,6761,11730.5
1922.7697,6808.5,11820.625
1924.5487,6617,11829.5
1926.32681,6728.5,11961.375
1928.10402,6857,12183.125
1929.88033,6765.5,12167
1931.65575,6779.5,12196.875
1933.43028,6739.5,12155.75
1935.20392,6701.5,12310.125
1936.97667,6706,12354.5
1938.74853,6660.5,12259
1940.5195,6695.5,12242.625
1942.28959,6679,12276.375
1944.05879,6630,12269.5
1945.82711,6655,12309
1947.59454,6655,12332.875
1949.36109,6611,12352.875
1951.12676,6590,12333.25
1952.89155,6502,12321.75
1954.65547,6495,12310.75
1956.4185,6504,12281
1958.18066,6500.5,12237.25
1959.94194,6406.5,12104.625
1961.70235,6379.5,12091.75
1963.46188,6346.5,11985.25
1965.22055,6294,11897.25
1966.97834,6224.5,11693.75
1968.73526,6343,11783
1970.49131,6221.5,11482.25
1972.2465,6012.5,11195.875
1974.00081,5924.5,10988.25
1975.75427,5948.5,10972.875
1977.50685,5925.5,10832.375
1979.25858,5895.5,10771.125
1981.00944,5810.5,10768.625
1982.75944,5764,10701.5
1984.50858,5641,10594.875
1986.25686,5636.5,10589.625
1988.00429,5517.5,10421.5
1989.75085,5475.5,10367.375
1991.49656,5516.5,10316.375
1993.24142,5567.5,10396.375
1994.98542,5675.5,10331.5
1996.72857,5608.5,10204.75
1998.47087,5523.5,10195.625
2000.21231,5487,10148.5
2001.95291,5463.5,10060.5
2003.69266,5477.5,10025.25
2005.43156,5396,9975.625
2007.16962,5387,9965.625
2008.90683,5299,9885.75
2010.64319,5311.5,9900.25
2012.37871,5327.5,9810
2014.11339,5248.5,9760
2015.84723,5192.5,9776
2017.58023,5253,9787.125
2019.31239,5300.5,9909.125
2021.04372,5284,9873.375
2022.7742,5152,9656.5
2024.50385,5076,9618.125
2026.23267,5057,9541.625
2027.96065,5056.5,9555.75
2029.6878,5020.5,9567
2031.41412,5052.5,9540.625
2033.13961,5143.5,9562.875
2034.86426,5316,9838.875
2036.58809,5285,9917.5
2038.3111,5128.5,9700
2040.03327,5089.5,9756.125
2041.75462,5073.5,9767.125
2043.47515,5166.5,9716.375
2045.19485,5119,9638.375
2046.91373,5021.5,9486
2048.63179,5017.5,9440.625
2050.34903,4895.5,9223.75
2052.06546,4849,9179.75
2053.78106,4798.5,9093.875
2055.49585,4840.5,9088
2057.20982,4884.5,9096.375
2058.92297,4864.5,9072.75
2060.63531,4885,9229.25
2062.34684,4892.5,9302.375
2064.05756,4885,9470.25
2065.76747,4909.5,9531.125
2067.47656,5073.5,9667.125
2069.18485,5058,9703
2070.89233,4936.5,9615.25
2072.599,4930,9544
2074.30487,4858.5,9412.75
2076.00994,4816.5,9358.875
2077.7142,4805.5,9235.25
2079.41765,4821,9177.25
2081.12031,4685,9007.25
2082.82217,4656.5,8964.125
2084.52322,4703.5,8985.75
2086.22348,4692.5,9038.5
2087.92294,4681,9139.625
2089.6216,4702.5,9170.375
2091.31947,4705.5,9239.25
2093.01654,4697.5,9268.75
2094.71282,4774,9331.25
2096.40831,4791.5,9305.125
2098.10301,4810,9268.25
2099.79692,4791.5,9244.625
2101.49003,4797.5,9182.625
2103.18236,4820.5,9179.25
2104.8739,4752.5,9132.25
2106.56466,4746,9137.375
2108.25463,4764,9150.25
2109.94381,4747,9141.875
2111.63221,4701,9169
2113.31983,4721.5,9161.25
2115.00667,4710,9144.5
2116.69273,4670.5,9117.5
2118.37801,4655,9030.25
2120.0625,4655,9065.25
2121.74623,4627,9111.125
2123.42917,4643.5,9124.75
2125.11134,4663,9207.5
2126.79274,4679,9213.75
2128.47336,4652.5,9142.5
2130.15321,4640.5,9158.125
2131.83229,4686.5,9366.625
2133.5106,4687,9361.5
2135.18814,4701,9432.875
2136.86491,4675.5,9503.75
2138.54092,4773.5,9692.5
2140.21615,4844.5,9769.125
2141.89062,4921,9866.375
2143.56433,4915,9848.5
2145.23728,4991,9930.375
2146.90946,5061.5,10069.375
2148.58088,4945,10099.75
2150.25153,4884,10026.75
2151.92143,4912,10041.25
2153.59057,4948,10061
2155.25896,5015.5,10168
2156.92658,5007.5,10175.375
2158.59345,4992,10101.625
2160.25957,4977.5,10099.25
2161.92493,4993,10200.875
2163.58954,5013.5,10270.875
2165.2534,5034.5,10400.75
2166.9165,5072,10428.125
2168.57886,5171,10523.375
2170.24047,5164.5,10587.625
2171.90133,5055.5,10672
2173.56144,5087,10705.625
2175.22081,5193.5,10728.5
2176.87943,5155,10717.375
2178.53731,5111.5,10713.25
2180.19444,5125.5,10680.625
2181.85083,5179,10668.125
2183.50648,5133,10639.125
2185.16139,5086.5,10576.375
2186.81557,5123,10626
2188.469,5095,10665.125
2190.12169,5102.5,10665.875
2191.77365,5125,10685.75
2193.42488,5149,10708.5
2195.07537,5171,10711.125
2196.72512,5094,10665.875
2198.37414,5074.5,10690
2200.02244,5146,10728
2201.67,5119.5,10721.25
2203.31683,5053,10695.875
2204.96293,5113,10656.125
2206.6083,5507.5,11141.25
2208.25295,5486.5,11118
2209.89687,5186,10631.375
2211.54007,5183,10589.25
2213.18254,5109,10556.625
2214.82429,5044,10559.125
2216.46531,5096.5,10563.125
2218.10562,5166.5,10582.25
2219.7452,5141.5,10579.625
2221.38407,5117.5,10604.375
2223.02222,5114.5,10648.25
2224.65965,5103,10640.875
2226.29636,5127.5,10631.125
2227.93236,5189.5,10758.125
2229.56764,5182.5,10843.75
2231.20221,5186,10804.625
2232.83606,5184.5,10779.375
2234.46921,5166.5,10873.25
2236.10164,5188.5,10893
2237.73336,5225.5,11028.375
2239.36438,5257.5,11089.125
2240.99468,5269,11061
2242.62428,5220.5,11026.375
2244.25317,5286.5,11023.625
2245.88136,5280.5,11041.125
2247.50884,5254,11018.75
2249.13562,5267,10999.375
2250.76169,5197.5,10985.25
2252.38707,5227,11114.25
2254.01174,5225,11157.25
2255.63571,5240,11017
2257.25899,5253.5,11041.75
2258.88156,5198.5,11075.25
2260.50344,5262.5,11123.375
2262.12462,5278,11113.875
2263.74511,5237,11066.5
2265.3649,5236,11093.125
2266.984,5292,11158
2268.60241,5274.5,11169
2270.22012,5264,11200.625
2271.83715,5555,11506.125
2273.45348,5601,11580.75
2275.06913,5311.5,11327.625
2276.68408,5233,11301.75
2278.29835,5251.5,11315.75
2279.91194,5392.5,11455.125
2281.52483,5474.5,11510.75
2283.13705,5371.5,11530.625
2284.74858,5374.5,11558.5
2286.35943,5456,11661.5
2287.96959,5558,11880.5
2289.57908,5670.5,11989.875
2291.18788,5544.5,11796.625
2292.79601,5468,11803.875
2294.40346,5465.5,11777.875
2296.01023,5499,11658.25
2297.61632,5589,11798.25
2299.22174,5503,11865.75
2300.82648,5479,11804.25
2302.43055,5561,11779.375
2304.03395,5513,11733.875
2305.63668,5478.5,11756.375
2307.23873,5513,11787.5
2308.84012,5453,11830.125
2310.44083,5444,11861.5
2312.04088,5558.5,11891.75
2313.64026,5567,11905.75
2315.23897,5537.5,11926.375
2316.83702,5535,11909.375
2318.4344,5591.5,11929.875
2320.03112,5597.5,11970.875
2321.62718,5587.5,11980
2323.22257,5619.5,12002.625
2324.81731,5614,12029.75
2326.41138,5575.5,11976.125
2328.00479,5615,12089.375
2329.59754,5641.5,12156.375
2331.18964,5585.5,12124
2332.78108,5577,12128.375
2334.37186,5606.5,12204.25
2335.96199,5624.5,12260.625
2337.55147,5657.5,12356.25
2339.14029,5683,12378.25
2340.72845,5684,12358.125
2342.31597,5681,12364.125
2343.90284,5726,12418.75
2345.48905,5755,12414
2347.07462,5735.5,12439.25
2348.65954,5702,12484.875
2350.24381,5708.5,12516.875
2351.82744,5747.5,12599.375
2353.41042,5731,12560.875
2354.99275,5727,12481.375
2356.57444,5773.5,12492.875
2358.15549,5710,12416.125
2359.7359,5692,12387.375
2361.31566,5734.5,12463.75
2362.89478,5646.5,12460.5
2364.47327,5629.5,12432.25
2366.05112,5722.5,12446.875
2367.62832,5755.5,12484.125
2369.2049,5762,12575.25
2370.78083,5767,12594.625
2372.35613,5752,12585.125
2373.9308,5730.5,12587.625
2375.50483,5803.5,12613
2377.07823,5822.5,12620.5
2378.651,5731,12630.875
2380.22314,5713.5,12664
2381.79464,5809.5,12682.125
2383.36552,5814.5,12675.5
2384.93577,5830.5,12749.375
2386.50539,5861.5,12756.25
2388.07439,5802,12739.75
2389.64276,5777,12759.625
2391.2105,5754,12782.75
2392.77762,5757.5,12753.375
2394.34412,5767.5,12763.5
2395.90999,5787,12812.25
2397.47524,5845,12676.5
2399.03988,5823,12640.875
2400.60389,5824.5,12780.25
2402.16728,5847.5,12848
2403.73006,5783.5,12895.125
2405.29221,5732.5,12835.375
2406.85375,5701.5,12787.375
2408.41468,5760,12898.75
2409.97499,5826.5,12894
2411.53468,5844.5,12850.75
2413.09377,5849,12861.5
2414.65224,5800.5,12812.375
2416.21009,5777.5,12745.25
2417.76734,5821,12730.625
2419.32398,5835.5,12791.375
2420.88001,5822,12823.75
2422.43543,5825.5,12785.375
2423.99024,5851,12857.75
2425.54445,5824.5,12864.375
2427.09805,5803,12805.5
2428.65105,5790,12778
2430.20344,5790,12823.875
2431.75523,5788.5,12867.125
2433.30641,5774,12852
2434.857,5788.5,12847.125
2436.40698,5787,12840.25
2437.95636,5759,12862.75
2439.50515,5788.5,12891.375
2441.05333,5778.5,12835.5
2442.60092,5770,12793.625
2444.14791,5787,12807.875
2445.69431,5776,12834.875
2447.24011,5816,12800.875
2448.78532,5811.5,12730.125
2450.32993,5742.5,12648.625
2451.87395,5720.5,12681.375
2453.41738,5762.5,12734.125
2454.96022,5734.5,12750
2456.50246,5656,12745.625
2458.04412,5667.5,12754.375
2459.58519,5702.5,12766.875
2461.12567,5737,12729.375
2462.66557,5759,12806.875
2464.20488,5786,12891.25
2465.7436,5731.5,12843.625
2467.28174,5741.5,12857.875
2468.81929,5766.5,12885.625
2470.35627,5712.5,12802.75
2471.89266,5664,12748.875
2473.42847,5678.5,12767.5
2474.96369,5706.5,12705
2476.49834,5883.5,12943
2478.03241,5855.5,12940
2479.5659,5650,12676.625
2481.09882,5663,12633
2482.63116,5634.5,12638.75
2484.16292,5595,12647.25
2485.69411,5642.5,12642.5
2487.22472,5706,12676.375
2488.75476,5720.5,12694.75
2490.28423,5748.5,12694.875
2491.81312,5739,12677.875
2493.34145,5558.5,12634.5
2494.8692,5550.5,12645.375
2496.39639,5689.5,12676.5
2497.923,5691,12675.5
2499.44905,5666.5,12635.5
2500.97453,5717,12737.75
2502.49945,5684,12752.5
2504.0238,5638.5,12646.25
2505.54759,5713.5,12827.25
2507.07081,5708.5,12845
2508.59347,5659.5,12683.375
2510.11556,5612.5,12670.625
2511.6371,5636,12622.375
2513.15807,5690.5,12627.625
2514.67849,5555.5,12614.375
2516.19835,5600,12688.125
2517.71764,5614.5,12676.625
2519.23638,5569,12581.5
2520.75457,5587.5,12570.375
2522.27219,5554,12588.125
2523.78927,5605,12664.625
2525.30578,5650.5,12690.75
2526.82175,5601,12642.5
2528.33716,5543,12588.25
2529.85202,5533,12576.25
2531.36633,5557.5,12650.125
2532.88008,5621.5,12672.5
2534.39329,6096.5,13357.875
2535.90595,5989,13310.875
2537.41806,5558.5,12606.75
2538.92962,5636.5,12618.875
2540.44064,5588.5,12610.125
2541.95111,5574,12547.875
2543.46104,5569,12516.5
2544.97042,5513.5,12541
2546.47926,5539,12579.375
2547.98755,5534.5,12569.375
2549.4953,5508.5,12508.625
2551.00251,5628,12626
2552.50919,5592.5,12662.5
2554.01532,5426,12505.25
2555.52091,5502,12547.375
2557.02596,5559.5,12556.75
2558.53048,5504,12472.375
2560.03446,5473.5,12364.5
2561.5379,5491.5,12374.125
2563.04081,5468.5,12426.75
2564.54319,5460.5,12430.25
2566.04503,5376.5,12300.75
2567.54633,5360,12274.5
2569.04711,5431,12339.375
2570.54736,5425,12330.875
2572.04707,5381.5,12280.375
2573.54625,5357,12278.375
2575.04491,5351,12224.75
2576.54303,5385.5,12232.875
2578.04063,5439,12253.375
2579.5377,5395,12266.5
2581.03425,5316,12246.25
2582.53027,5308,12165.125
2584.02577,5307.5,12096.875
2585.52074,5334.5,12142.125
2587.01519,5254.5,12107.5
2588.50912,5266,12098.875
2590.00252,5360.5,12057.625
2591.4954,5346,12047.625
2592.98777,5282,12094.625
2594.47961,5341,12179.5
2595.97094,5327,12122
2597.46175,5264.5,12055.5
2598.95204,5189,12051.75
2600.44181,5169,12033.875
2601.93107,5211,12040.5
2603.41982,5248,11994.75
2604.90805,5181,11884.125
2606.39576,5156.5,11882.875
2607.88297,5158.5,11837.5
2609.36966,5205.5,11910.125
2610.85584,5187.5,11884.375
2612.34151,5080.5,11767.625
2613.82667,5045.5,11699.5
2615.31132,5055.5,11661.125
2616.79547,5085.5,11627.125
2618.2791,5080,11609.375
2619.76223,5012,11395.625
2621.24486,4922.5,11272
2622.72697,4794,10908.125
2624.20859,4777.5,10727.875
2625.6897,4563,10162.25
2627.1703,4491,9872.875
2628.65041,4205,9171.125
2630.13001,4063,8844.875
2631.60911,3841,8135.125
2633.08771,3976,8213.375
2634.56581,3710,7621.625
2636.04342,3503.5,7243.5
2637.52052,3321,6712
2638.99713,3166.5,6389.25
2640.47324,3012.5,5996.5
2641.94886,2957,5829.125
2643.42398,2831.5,5448.875
2644.8986,2794,5304.125
2646.37273,2674.5,5051.625
2647.84637,2657,4962.375
2649.31952,2588.5,4728.75
2650.79217,2570,4653.625
2652.26434,2497,4462.5
2653.73601,2450,4414.125
2655.2072,2507,4461.625
2656.67789,2508,4454.875
2658.1481,2442.5,4410.875
2659.61782,2497,4486.25
2661.08706,2530,4635.375
2662.55581,2583,4751.5
2664.02407,2778,5051.125
2665.49185,2782.5,5180.875
2666.95915,2930.5,5516.875
2668.42596,2967,5609.375
2669.89229,3015.5,5799.125
2671.35814,3035.5,5821.625
2672.82351,3087,5983.875
2674.28839,3235.5,6179.5
2675.7528,3134,6016.75
2677.21673,2974,5749.75
2678.68018,2922.5,5594.125
2680.14316,2887.5,5541.125
2681.60566,2860,5421.75
2683.06768,2852.5,5398.875
2684.52923,2805.5,5341
2685.9903,2809.5,5328.875
2687.4509,2788,5253.125
2688.91103,2765.5,5224.25
2690.37068,2791,5193.125
2691.82986,2778,5174.375
2693.28857,2769,5212.75
2694.74681,2792,5251.125
2696.20458,2783.5,5192.5
2697.66189,2812.5,5183.375
2699.11872,2792.5,5262.625
2700.57509,2809.5,5336.625
2702.03099,2865,5361.875
2703.48642,2853,5312.125
2704.94139,2844.5,5325.625
2706.3959,2835,5392.875
2707.84994,2911,5509.625
2709.30351,2917,5504.875
2710.75663,2907.5,5504.875
2712.20928,2942,5591.75
2713.66147,2990.5,5732.625
2715.1132,2949.5,5709
2716.56447,2915.5,5742.25
2718.01528,2929,5748.75
2719.46564,2949,5772.75
2720.91553,2999,5857.375
2722.36497,3066.5,6076.875
2723.81395,3058.5,6135.25
2725.26248,3058.5,6210.5
2726.71055,3089,6231.75
2728.15817,3177,6281
2729.60533,3195.5,6340.25
2731.05204,3213,6474.875
2732.4983,3224,6505.375
2733.9441,3334.5,6742.5
2735.38946,3324.5,6762.875
2736.83437,3245.5,6662.5
2738.27882,3250.5,6712.125
2739.72283,3348.5,6921.625
2741.16639,3414.5,7057.25
2742.6095,3380.5,7082.375
2744.05216,3388.5,7107.5
2745.49438,3461,7225.5
2746.93615,3450,7166.625
2748.37748,3501.5,7350.625
2749.81837,3545.5,7442.625
2751.25881,3584,7518.5
2752.69881,3557,7568.375
2754.13836,3558.5,7592.875
2755.57747,3577,7598.125
2757.01615,3606,7689.75
2758.45438,3626.5,7777
2759.89218,3641.5,7918.125
2761.32953,3698.5,7978.75
2762.76645,3761.5,8052.25
2764.20293,3728,8050.125
2765.63897,3736,8097.625
2767.07458,3767,8123.625
2768.50975,3790,8188.875
2769.94449,3811,8211.875
2771.37879,3821,8261.375
2772.81266,3767.5,8272.5
2774.2461,3822,8320.75
2775.6791,3832.5,8355.375
2777.11167,3854.5,8423.625
2778.54382,3949,8541.375
2779.97553,3874,8487
2781.40681,3794,8367
2782.83766,3880,8470.5
2784.26809,3877.5,8506.875
2785.69809,3768.5,8433.625
2787.12766,3902,8601.25
2788.55681,3942.5,8605.25
2789.98553,3857.5,8427.875
2791.41382,3920.5,8457.625
2792.84169,3889,8474.375
2794.26914,3870,8397.625
2795.69617,3882,8390.75
2797.12277,3801,8348.75
2798.54895,3765.5,8300.125
2799.97471,3825.5,8330.75
2801.40005,3845,8403
2802.82497,3803.5,8340.75
2804.24947,3776.5,8243.5
2805.67356,3780.5,8259.625
2807.09722,3840.5,8349.5
2808.52047,3794.5,8295.375
2809.94331,3738.5,8221.75
2811.36572,3743,8247.625
2812.78772,3744.5,8250
2814.20931,3722.5,8222.375
2815.63049,3712,8198.75
2817.05125,3721.5,8180.5
2818.4716,3741,8191.875
2819.89153,3738.5,8170.375
2821.31106,3728,8196.75
2822.73017,3756,8162.75
2824.14888,3723,8102
2825.56717,3630,8019.125
2826.98506,3743,8085.875
2828.40254,3767.5,8061.25
2829.81961,3663,7943.875
2831.23628,3602.5,7894.375
2832.65254,3580.5,7921.375
2834.06839,3708,7945.125
2835.48384,3711,7906
2836.89889,3569,7741.5
2838.31353,3528,7734.5
2839.72777,3564.5,7765.875
2841.14161,3603,7714.375
2842.55504,3517.5,7662.5
2843.96808,3527.5,7692.75
2845.38071,3597,7633.875
2846.79295,3608.5,7642.125
2848.20478,3544.5,7615.875
2849.61622,3508,7565.875
2851.02726,3486,7574.25
2852.4379,3475,7546
2853.84815,3452.5,7470.5
2855.258,3439,7434
2856.66745,3350,7337.75
2858.07651,3337.5,7333.75
2859.48518,3352.5,7323
2860.89345,3419.5,7327.125
2862.30134,3422.5,7219.375
2863.70882,3387.5,7236.875
2865.11592,3354.5,7248.125
2866.52263,3307,7178.125
2867.92894,3338,7141
2869.33487,3371.5,7144.125
2870.74041,3299,7063.875
2872.14556,3265.5,7026.125
2873.55032,3333.5,7055.375
2874.95469,3294,7037
2876.35868,3210.5,6929.875
2877.76228,3168.5,6855.625
2879.1655,3173,6786
2880.56833,3202.5,6800.125
2881.97078,3121.5,6754.125
2883.37285,3144,6726.25
2884.77453,3209.5,6690.25
2886.17583,3238.5,6695.625
2887.57675,3169.5,6594.5
2888.97729,3122,6539.375
2890.37745,3096,6492.625
2891.77722,3098,6525
2893.17662,3065.5,6438.875
2894.57565,3053,6417.5
2895.97429,3083,6394.75
2897.37255,3075.5,6320.625
2898.77044,3002.5,6275.25
2900.16796,2986.5,6278.25
2901.5651,2980.5,6259.5
2902.96186,2944.5,6256.375
2904.35825,2935,6154.25
2905.75426,2959,6099.125
2907.14991,2935.5,6018.125
2908.54518,2927.5,5993.25
2909.94008,2893.5,5944.125
2911.3346,2874.5,5934.375
2912.72876,2896.5,5910.5
2914.12255,2883,5859.875
2915.51597,2777.5,5753.625
2916.90902,2774.5,5762.125
2918.3017,2774.5,5729.375
2919.69401,2783,5722.5
2921.08596,2752,5688.375
2922.47754,2702,5613.5
2923.86876,2641.5,5560.25
2925.25961,2640,5525.25
2926.65009,2647,5438.75
2928.04021,2692.5,5484.5
2929.42997,2647.5,5375.625
2930.81937,2555.5,5297.25
2932.2084,2577,5284.125
2933.59708,2582,5241.25
2934.98539,2549,5135.125
2936.37334,3140,5935
2937.76093,3109,5901.625
2939.14817,2491,5053.625
2940.53504,2404,4953.625
2941.92156,2650.5,5290.5
2943.30772,2664,5212.625
2944.69352,2378,4805.5
2946.07897,2299,4734.75
2947.46406,2322,4689.25
2948.8488,2289,4677.75
2950.23318,4267,6708.75
2951.61721,4218.5,6556.375
2953.00088,2199,4504.375
2954.38421,2262,4625.25
2955.76718,2244,4601.25
2957.1498,2119.5,4386.125
2958.53207,2098,4329.75
2959.91398,2063,4256.75
2961.29555,2033.5,4234.875
2962.67677,2001,4207.375
2964.05765,2004.5,4198.875
2965.43817,1945,4100.375
2966.81835,1928.5,4039.375
2968.19818,1929,4045.625
2969.57766,1929,4063.875
2970.9568,1903,3997.5
2972.3356,1913,3938.75
2973.71405,1904,3874
2975.09215,1864.5,3845
2976.46991,1775,3729.375
2977.84734,1756,3700.5
2979.22441,1774.5,3685.125
2980.60115,1771,3672.5
2981.97755,1748.5,3606.75
2983.3536,1743.5,3602.875
2984.72932,1765,3546.125
2986.1047,1772.5,3529
2987.47974,1845,3654.75
2988.85444,1837.5,3610.375
2990.2288,1717,3419
2991.60283,1726.5,3468.125
2992.97652,1720.5,3416.625
2994.34987,1691.5,3337.875
2995.72289,1647,3318.375
2997.09558,1661.5,3318.125
2998.46793,1629.5,3247.375
2999.83995,1595.5,3207.25
3001.21163,1619,3164.125
3002.58299,1628.5,3162
3003.95401,1575,3109.75
3005.3247,1599,3137.75
3006.69506,1604.5,3101.25
3008.06509,1562.5,3038.625
3009.43479,1557.5,3003.875
3010.80416,1547,2991.625
3012.17321,1500,2995.625
3013.54192,1502,2965.75
3014.91031,1500.5,2850.375
3016.27838,1496,2830.25
3017.64611,1508,2842.25
3019.01352,1487,2812.5
3020.38061,1443,2727.125
3021.74737,1449,2734.25
3023.11381,1441.5,2728.125
3024.47993,1453,2728.875
3025.84572,1457,2731.625
3027.21119,1440,2696.75
3028.57634,1419.5,2606.625
3029.94117,1438,2613.375
3031.30568,1556,2796.625
3032.66987,1526.5,2752.25
3034.03374,1425,2563.625
3035.39729,1429.5,2568.25
3036.76053,1367,2474.25
3038.12344,1362.5,2429.5
3039.48604,1368,2411
3040.84832,1362,2421
3042.21029,1362,2391.375
3043.57194,1345,2339
3044.93328,1324.5,2305.125
3046.2943,1319.5,2305
,,2294.5
,,2358.875
,,2380.75
,,2303.5
,,2191.75
,,2154.625
,,2154.625
,,2184.875
,,2134.875
,,2105.375
,,2075.125
,,2077.75
,,2045.875
,,2009.5
,,1981.25
,,1966.75
,,1958
,,1975.625
,,1940.5
,,1889.5
,,1891.625
,,1906.75
,,1887.875
,,1873
,,1835.875
,,1815
,,1780.375
,,1763.125
,,1742.75
,,1741.375
,,1746.875
,,1761.625
,,1722
,,1693.25
,,1661
,,1654.5
,,1673.5
,,1736.375
,,1680.375
,,1616.125
,,1613.875
,,1589.125
,,1689.75
,,1687.5
,,1567.375
,,1567
,,1568.625
,,1562.5
,,1530.375
,,1529.125
,,1515.375
,,1549.375
,,1580.625
,,1543.625
,,1505.75
,,1487.125
,,1487.75
,,1489.375
,,1467
,,1462.375
,,1689.125
,,1708.75
,,1478.125
,,1456.875
,,1474.375
,,1474.25
,,1437.5
,,1424.375
,,1415.25
,,1417.625
,,1411.25
,,1411.625
,,1378.5
,,1385
,,1413.875
,,1414.25
,,1402.875
,,1390
,,1386.75
,,1393.25
,,1413.625
,,1410.25
,,1368.875
,,1352.75
,,1380.125
,,1438.375
,,1435.375
,,1391
,,1367.125
,,1360.25
,,1370.875
,,1375.375
,,1356.875
,,1348.5
,,1517.875
,,1517.125
,,33402.75
,,65535
